<?xml version="1.0" encoding="UTF-8"?>
<project-private xmlns="http://www.netbeans.org/ns/project-private/1">
    <editor-bookmarks xmlns="http://www.netbeans.org/ns/editor-bookmarks/2" lastBookmarkId="0"/>
    <open-files xmlns="http://www.netbeans.org/ns/projectui-open-files/2">
        <group>
            <file>file:/C:/Users/estga/OneDrive/1211007150732-Documents/Docx/JAVA/July_5_1/src/july_5_1/seguridad.java</file>
            <file>file:/C:/Users/estga/OneDrive/1211007150732-Documents/Docx/JAVA/July_5_1/src/july_5_1/inventario.java</file>
            <file>file:/C:/Users/estga/OneDrive/1211007150732-Documents/Docx/JAVA/July_5_1/src/july_5_1/inventoryAdjustment.java</file>
            <file>file:/C:/Users/estga/OneDrive/1211007150732-Documents/Docx/JAVA/July_5_1/src/july_5_1/facturacion.java</file>
            <file>file:/C:/Users/estga/OneDrive/1211007150732-Documents/Docx/JAVA/July_5_1/src/july_5_1/verify.java</file>
            <file>file:/C:/Users/estga/OneDrive/1211007150732-Documents/Docx/JAVA/July_5_1/src/july_5_1/ventas.java</file>
            <file>file:/C:/Users/estga/OneDrive/1211007150732-Documents/Docx/JAVA/July_5_1/src/july_5_1/July_5_1.java</file>
        </group>
    </open-files>
</project-private>
