<?xml version="1.0" encoding="UTF-8"?>
<project-private xmlns="http://www.netbeans.org/ns/project-private/1">
    <editor-bookmarks xmlns="http://www.netbeans.org/ns/editor-bookmarks/2" lastBookmarkId="0"/>
    <open-files xmlns="http://www.netbeans.org/ns/projectui-open-files/2">
        <group>
            <file>file:/C:/Users/estga/OneDrive/1211007150732-Documents/Docx/JAVA/entregable_1/entregable_1/src/entregable_1/Registro.java</file>
            <file>file:/C:/Users/estga/OneDrive/1211007150732-Documents/Docx/JAVA/entregable_1/entregable_1/src/entregable_1/Cotizacion.java</file>
            <file>file:/C:/Users/estga/OneDrive/1211007150732-Documents/Docx/JAVA/entregable_1/entregable_1/src/entregable_1/Entregable_1.java</file>
        </group>
    </open-files>
</project-private>
